{"cameraMode":{"drawMode":0,"name":"Shaded","section":"Shading Mode"},"sceneLighting":false,"audioPlay":false,"sceneViewState":{"m_AlwaysRefresh":false,"showFog":true,"showSkybox":false,"showFlares":true,"showImageEffects":true,"showParticleSystems":true,"showVisualEffectGraphs":true,"m_FxEnabled":true},"in2DMode":false,"pivot":{"x":0.19280460476875306,"y":0.7345069050788879,"z":-0.13492241501808167},"rotation":{"x":-0.08397766947746277,"y":0.48810386657714846,"z":-0.04721366986632347,"w":-0.8675430417060852},"size":0.6623419523239136,"orthographic":false}